Location,Treatment,Count,Start time,End time,Point no.
NG,Y,1,07:15,07:25,1
NG,Y,1,07:15,07:25,1
NG,Y,1,07:15,07:25,1
NG,Y,1,07:15,07:25,1
NG,Y,1,07:15,07:25,1
NG,Y,1,07:15,07:25,1
NG,Y,1,07:15,07:25,1
NG,Y,1,07:15,07:25,1
NG,Y,1,07:15,07:25,1
NG,Y,1,07:15,07:25,1
NG,Y,1,07:15,07:25,1
NG,Y,1,07:15,07:25,1
NG,Y,1,07:15,07:25,1
NG,Y,1,07:15,07:25,1
NG,Y,1,07:15,07:25,1
NG,Y,1,07:42,07:52,2
NG,Y,1,07:42,07:52,2
NG,Y,1,07:42,07:52,2
NG,Y,1,07:42,07:52,2
NG,Y,1,07:42,07:52,2
NG,Y,1,07:42,07:52,2
NG,Y,1,07:42,07:52,2
NG,Y,1,07:42,07:52,2
NG,Y,1,08:04,08:14,3
NG,Y,1,08:04,08:14,3
NG,Y,1,08:04,08:14,3
NG,Y,1,08:04,08:14,3
NG,Y,1,08:04,08:14,3
NG,Y,1,08:04,08:14,3
NG,O,1,08:40,08:50,3
NG,O,1,08:40,08:50,3
NG,O,1,08:40,08:50,3
NG,O,1,08:40,08:50,3
NG,O,1,08:40,08:50,3
NG,O,1,08:40,08:50,3
NG,O,1,08:40,08:50,3
NG,O,1,08:40,08:50,3
NG,O,1,08:40,08:50,3
NG,O,1,08:40,08:50,3
NG,O,1,08:40,08:50,3
NG,O,1,08:40,08:50,3
NG,O,1,09:07,09:17,1
NG,O,1,09:07,09:17,1
NG,O,1,09:07,09:17,1
NG,O,1,09:07,09:17,1
NG,O,1,09:07,09:17,1
NG,O,1,09:34,09:44,2
NG,O,1,09:34,09:44,2
NG,O,1,09:34,09:44,2
NG,O,1,09:34,09:44,2
NG,O,1,09:34,09:44,2
NG,O,1,09:34,09:44,2
NG,O,1,09:34,09:44,2
NG,O,1,09:34,09:44,2
NG,O,1,09:34,09:44,2
NG,O,1,09:34,09:44,2
NG,C,1,10:09,10:19,3
NG,C,1,10:09,10:19,3
NG,C,1,10:09,10:19,3
NG,C,1,10:24,10:34,2
NG,C,1,10:24,10:34,2
NG,C,1,10:24,10:34,2
NG,C,1,10:24,10:34,2
NG,C,1,10:24,10:34,2
NG,C,1,10:40,10:50,1
NG,C,1,10:40,10:50,1
NG,C,1,10:40,10:50,1
NG,C,1,10:40,10:50,1
NG,C,1,10:40,10:50,1
NG,C,1,10:40,10:50,1
BHE,O,1,06:49,06:59,2
BHE,O,1,06:49,06:59,2
BHE,O,1,06:49,06:59,2
BHE,O,1,06:49,06:59,2
BHE,O,1,06:49,06:59,2
BHE,O,1,06:49,06:59,2
BHE,O,1,06:49,06:59,2
BHE,O,1,06:49,06:59,2
BHE,O,1,07:11,07:21,3
BHE,O,1,07:11,07:21,3
BHE,O,1,07:11,07:21,3
BHE,O,1,07:11,07:21,3
BHE,O,1,07:11,07:21,3
BHE,O,1,07:11,07:21,3
BHE,O,1,07:38,07:48,1
BHE,O,1,07:38,07:48,1
BHE,O,1,07:38,07:48,1
BHE,O,1,07:38,07:48,1
BHE,O,1,07:38,07:48,1
BHE,O,1,07:38,07:48,1
BHE,O,1,07:38,07:48,1
BHE,O,1,07:38,07:48,1
BHE,O,1,07:38,07:48,1
BHE,C,1,08:16,08:26,1
BHE,C,1,08:16,08:26,1
BHE,C,1,08:16,08:26,1
BHE,C,1,08:16,08:26,1
BHE,C,1,08:16,08:26,1
BHE,C,1,08:32,08:42,2
BHE,C,1,08:32,08:42,2
BHE,C,1,08:32,08:42,2
BHE,C,1,08:32,08:42,2
BHE,C,1,08:50,09:00,3
BHE,C,1,08:50,09:00,3
BHE,C,1,08:50,09:00,3
BHE,C,1,08:50,09:00,3
BHE,Y,1,09:31,09:41,1
BHE,Y,1,09:31,09:41,1
BHE,Y,1,09:31,09:41,1
BHE,Y,1,09:31,09:41,1
BHE,Y,1,09:31,09:41,1
BHE,Y,1,09:31,09:41,1
BHE,Y,1,09:31,09:41,1
BHE,Y,1,09:31,09:41,1
BHE,Y,1,09:31,09:41,1
BHE,Y,1,09:55,10:05,2
BHE,Y,1,09:55,10:05,2
BHE,Y,1,09:55,10:05,2
BHE,Y,1,09:55,10:05,2
BHE,Y,1,09:55,10:05,2
BHE,Y,1,09:55,10:05,2
BHE,Y,1,10:11,10:21,3
BHE,Y,1,10:11,10:21,3
BHE,Y,1,10:11,10:21,3
BHE,Y,1,10:11,10:21,3
BHE,Y,1,10:11,10:21,3
BHE,Y,1,10:11,10:21,3
BHE,Y,1,10:11,10:21,3
BHE,Y,1,10:11,10:21,3
BHW,C,1,07:00,07:10,1
BHW,C,1,07:00,07:10,1
BHW,C,1,07:00,07:10,1
BHW,C,1,07:00,07:10,1
BHW,C,1,07:00,07:10,1
BHW,C,1,07:00,07:10,1
BHW,C,1,07:15,07:25,2
BHW,C,1,07:15,07:25,2
BHW,C,1,07:15,07:25,2
BHW,C,1,07:15,07:25,2
BHW,C,1,07:15,07:25,2
BHW,C,1,07:15,07:25,2
BHW,C,1,07:31,07:41,3
BHW,C,1,07:31,07:41,3
BHW,C,1,07:31,07:41,3
BHW,C,1,07:31,07:41,3
BHW,C,1,07:31,07:41,3
BHW,Y,1,08:27,08:37,1
BHW,Y,1,08:27,08:37,1
BHW,Y,1,08:27,08:37,1
BHW,Y,1,08:27,08:37,1
BHW,Y,1,08:27,08:37,1
BHW,Y,1,08:27,08:37,1
BHW,Y,1,08:27,08:37,1
BHW,Y,1,08:27,08:37,1
BHW,Y,1,08:50,09:00,3
BHW,Y,1,08:50,09:00,3
BHW,Y,1,08:50,09:00,3
BHW,Y,1,09:08,09:18,2
BHW,Y,1,09:08,09:18,2
BHW,Y,1,09:08,09:18,2
BHW,Y,1,09:08,09:18,2
BHW,Y,1,09:08,09:18,2
BHW,Y,1,09:08,09:18,2
BHW,O,1,09:52,10:02,1
BHW,O,1,09:52,10:02,1
BHW,O,1,09:52,10:02,1
BHW,O,1,09:52,10:02,1
BHW,O,1,09:52,10:02,1
BHW,O,1,09:52,10:02,1
BHW,O,1,09:52,10:02,1
BHW,O,1,09:52,10:02,1
BHW,O,1,10:25,10:35,2
BHW,O,1,10:25,10:35,2
BHW,O,1,10:25,10:35,2
BHW,O,1,10:25,10:35,2
BHW,O,1,10:25,10:35,2
BHW,O,1,10:25,10:35,2
BHW,O,1,10:25,10:35,2
BHW,O,1,10:25,10:35,2
BHW,O,1,10:44,10:54,3
BHW,O,1,10:44,10:54,3
BHW,O,1,10:44,10:54,3
BHW,O,1,10:44,10:54,3
BHW,O,1,10:44,10:54,3
BHW,O,1,10:44,10:54,3
MLN,C,1,07:43,07:53,2
MLN,C,1,07:43,07:53,2
MLN,C,1,07:43,07:53,2
MLN,C,1,07:43,07:53,2
MLN,C,1,07:43,07:53,2
MLN,C,1,07:43,07:53,2
MLN,C,1,07:43,07:53,2
MLN,C,1,07:43,07:53,2
MLN,C,1,07:43,07:53,2
MLN,C,1,07:43,07:53,2
MLN,C,1,07:58,08:08,1
MLN,C,1,07:58,08:08,1
MLN,C,1,07:58,08:08,1
MLN,C,1,07:58,08:08,1
MLN,C,1,07:58,08:08,1
MLN,C,1,07:58,08:08,1
MLN,C,1,08:14,08:24,3
MLN,C,1,08:14,08:24,3
MLN,C,1,08:14,08:24,3
MLN,C,1,08:14,08:24,3
MLN,C,1,08:14,08:24,3
MLN,C,1,08:14,08:24,3
MLN,C,1,08:14,08:24,3
MLN,C,1,08:14,08:24,3
MLN,C,1,08:14,08:24,3
MLN,C,1,08:14,08:24,3
MLN,O,1,09:02,09:12,2
MLN,O,1,09:02,09:12,2
MLN,O,1,09:02,09:12,2
MLN,O,1,09:02,09:12,2
MLN,O,1,09:02,09:12,2
MLN,O,1,09:02,09:12,2
MLN,O,1,09:25,09:35,3
MLN,O,1,09:25,09:35,3
MLN,O,1,09:25,09:35,3
MLN,O,1,09:25,09:35,3
MLN,O,1,09:25,09:35,3
MLN,O,1,09:25,09:35,3
MLN,O,1,09:45,09:55,1
MLN,O,1,09:45,09:55,1
MLN,O,1,09:45,09:55,1
MLN,O,1,09:45,09:55,1
MLN,O,1,09:45,09:55,1
MLN,O,1,09:45,09:55,1
MLN,Y,1,10:18,10:28,2
MLN,Y,1,10:18,10:28,2
MLN,Y,1,10:18,10:28,2
MLN,Y,1,10:18,10:28,2
MLN,Y,1,10:18,10:28,2
MLN,Y,1,10:18,10:28,2
MLN,Y,1,10:35,10:45,1
MLN,Y,1,10:35,10:45,1
MLN,Y,1,10:35,10:45,1
MLN,Y,1,10:35,10:45,1
MLN,Y,1,10:50,11:00,3
MLN,Y,1,10:50,11:00,3
MLN,Y,1,10:50,11:00,3
MLN,Y,1,10:50,11:00,3
MLN,Y,1,10:50,11:00,3
MLS,C,1,07:50,08:00,2
MLS,C,1,07:50,08:00,2
MLS,C,1,07:50,08:00,2
MLS,C,1,07:50,08:00,2
MLS,C,1,07:50,08:00,2
MLS,C,1,07:50,08:00,2
MLS,C,1,07:50,08:00,2
MLS,C,1,07:50,08:00,2
MLS,C,1,07:50,08:00,2
MLS,C,1,08:06,08:16,1
MLS,C,1,08:06,08:16,1
MLS,C,1,08:06,08:16,1
MLS,C,1,08:06,08:16,1
MLS,C,1,08:06,08:16,1
MLS,C,1,08:21,08:31,3
MLS,C,1,08:21,08:31,3
MLS,C,1,08:21,08:31,3
MLS,C,1,08:21,08:31,3
MLS,C,1,08:21,08:31,3
MLS,C,1,08:21,08:31,3
MLS,C,1,08:21,08:31,3
MLS,C,1,08:21,08:31,3
MLS,C,1,08:21,08:31,3
MLS,O,1,09:20,09:30,3
MLS,O,1,09:20,09:30,3
MLS,O,1,09:20,09:30,3
MLS,O,1,09:20,09:30,3
MLS,O,1,09:20,09:30,3
MLS,O,1,09:20,09:30,3
MLS,O,1,09:36,09:46,2
MLS,O,1,09:36,09:46,2
MLS,O,1,09:36,09:46,2
MLS,O,1,09:36,09:46,2
MLS,O,1,09:36,09:46,2
MLS,O,1,09:36,09:46,2
MLS,O,1,09:56,10:06,1
MLS,O,1,09:56,10:06,1
MLS,O,1,09:56,10:06,1
MLS,O,1,09:56,10:06,1
MLS,O,1,09:56,10:06,1
MLS,O,1,09:56,10:06,1
MLS,Y,1,10:15,10:25,1
MLS,Y,1,10:15,10:25,1
MLS,Y,1,10:15,10:25,1
MLS,Y,1,10:15,10:25,1
MLS,Y,1,10:15,10:25,1
MLS,Y,1,10:15,10:25,1
MLS,Y,1,10:15,10:25,1
MLS,Y,1,10:30,10:40,3
MLS,Y,1,10:30,10:40,3
MLS,Y,1,10:30,10:40,3
MLS,Y,1,10:30,10:40,3
MLS,Y,1,10:30,10:40,3
MLS,Y,1,10:30,10:40,3
MLS,Y,1,10:45,10:55,2
MLS,Y,1,10:45,10:55,2
MLS,Y,1,10:45,10:55,2
MLS,Y,1,10:45,10:55,2
MLS,Y,1,10:45,10:55,2
SBS,Y,1,07:52,08:02,2
SBS,Y,1,07:52,08:02,2
SBS,Y,1,07:52,08:02,2
SBS,Y,1,07:52,08:02,2
SBS,Y,1,07:52,08:02,2
SBS,Y,1,08:11,08:21,1
SBS,Y,1,08:11,08:21,1
SBS,Y,1,08:11,08:21,1
SBS,Y,1,08:11,08:21,1
SBS,Y,1,08:11,08:21,1
SBS,Y,1,08:27,08:37,3
SBS,Y,1,08:27,08:37,3
SBS,Y,1,08:27,08:37,3
SBS,Y,1,08:27,08:37,3
SBS,Y,1,08:27,08:37,3
SBS,Y,1,08:27,08:37,3
SBS,Y,1,08:27,08:37,3
SBS,Y,1,08:27,08:37,3
SBS,Y,1,08:27,08:37,3
SBS,C,1,09:14,09:24,2
SBS,C,1,09:14,09:24,2
SBS,C,1,09:14,09:24,2
SBS,C,1,09:14,09:24,2
SBS,C,1,09:14,09:24,2
SBS,C,1,09:14,09:24,2
SBS,C,1,09:30,09:40,1
SBS,C,1,09:30,09:40,1
SBS,C,1,09:30,09:40,1
SBS,C,1,09:30,09:40,1
SBS,C,1,09:30,09:40,1
SBS,C,1,09:30,09:40,1
SBS,C,1,09:46,09:56,3
SBS,C,1,09:46,09:56,3
SBS,C,1,09:46,09:56,3
SBS,C,1,09:46,09:56,3
SBS,C,1,09:46,09:56,3
SBS,O,1,10:58,11:08,2
SBS,O,1,10:58,11:08,2
SBS,O,1,10:58,11:08,2
SBS,O,1,10:58,11:08,2
SBS,O,1,10:58,11:08,2
SBS,O,1,10:58,11:08,2
SBS,O,1,10:58,11:08,2
SBS,O,1,10:58,11:08,2
SBS,O,1,10:58,11:08,2
SBS,O,1,11:20,11:30,3
SBS,O,1,11:20,11:30,3
SBS,O,1,11:20,11:30,3
SBS,O,1,11:20,11:30,3
SBS,O,1,11:20,11:30,3
SBS,O,1,11:20,11:30,3
SBS,O,1,11:20,11:30,3
SBS,O,1,11:20,11:30,3
SBS,O,1,11:20,11:30,3
SBS,O,1,11:20,11:30,3
SBS,O,1,11:20,11:30,3
SBS,O,1,11:20,11:30,3
SBS,O,1,11:20,11:30,3
SBS,O,1,11:35,11:45,1
SBS,O,1,11:35,11:45,1
SBS,O,1,11:35,11:45,1
SBS,O,1,11:35,11:45,1
SBS,O,1,11:35,11:45,1
SBN,C,1,07:49,07:59,3
SBN,C,1,07:49,07:59,3
SBN,C,1,07:49,07:59,3
SBN,C,1,07:49,07:59,3
SBN,C,1,07:49,07:59,3
SBN,C,1,07:49,07:59,3
SBN,C,1,08:04,08:14,2
SBN,C,1,08:04,08:14,2
SBN,C,1,08:04,08:14,2
SBN,C,1,08:04,08:14,2
SBN,C,1,08:04,08:14,2
SBN,C,1,08:21,08:31,1
SBN,C,1,08:21,08:31,1
SBN,C,1,08:21,08:31,1
SBN,C,1,08:21,08:31,1
SBN,C,1,08:21,08:31,1
SBN,Y,1,09:08,09:18,2
SBN,Y,1,09:08,09:18,2
SBN,Y,1,09:08,09:18,2
SBN,Y,1,09:08,09:18,2
SBN,Y,1,09:08,09:18,2
SBN,Y,1,09:08,09:18,2
SBN,Y,1,09:08,09:18,2
SBN,Y,1,09:08,09:18,2
SBN,Y,1,09:27,09:37,1
SBN,Y,1,09:27,09:37,1
SBN,Y,1,09:27,09:37,1
SBN,Y,1,09:27,09:37,1
SBN,Y,1,09:27,09:37,1
SBN,Y,1,09:43,09:53,3
SBN,Y,1,09:43,09:53,3
SBN,Y,1,09:43,09:53,3
SBN,Y,1,09:43,09:53,3
SBN,Y,1,09:43,09:53,3
SBN,O,1,10:17,10:27,1
SBN,O,1,10:17,10:27,1
SBN,O,1,10:17,10:27,1
SBN,O,1,10:17,10:27,1
SBN,O,1,10:17,10:27,1
SBN,O,1,10:17,10:27,1
SBN,O,1,10:53,11:03,2
SBN,O,1,10:53,11:03,2
SBN,O,1,10:53,11:03,2
SBN,O,1,10:53,11:03,2
SBN,O,1,10:53,11:03,2
SBN,O,1,10:53,11:03,2
SBN,O,1,10:53,11:03,2
SBN,O,1,10:53,11:03,2
SBN,O,1,11:09,11:19,3
SBN,O,1,11:09,11:19,3
SBN,O,1,11:09,11:19,3
SBN,O,1,11:09,11:19,3
SBN,O,1,11:09,11:19,3
SBN,O,1,11:09,11:19,3
SM,Y,1,07:55,08:05,3
SM,Y,1,07:55,08:05,3
SM,Y,1,07:55,08:05,3
SM,Y,1,07:55,08:05,3
SM,Y,1,07:55,08:05,3
SM,Y,1,07:55,08:05,3
SM,Y,1,07:55,08:05,3
SM,Y,1,07:55,08:05,3
SM,Y,1,07:55,08:05,3
SM,Y,1,07:55,08:05,3
SM,Y,1,08:15,08:25,1
SM,Y,1,08:15,08:25,1
SM,Y,1,08:15,08:25,1
SM,Y,1,08:15,08:25,1
SM,Y,1,08:15,08:25,1
SM,Y,1,08:35,08:45,2
SM,Y,1,08:35,08:45,2
SM,Y,1,08:35,08:45,2
SM,Y,1,08:35,08:45,2
SM,Y,1,08:35,08:45,2
SM,O,1,08:58,09:08,1
SM,O,1,08:58,09:08,1
SM,O,1,08:58,09:08,1
SM,O,1,08:58,09:08,1
SM,O,1,09:15,09:25,3
SM,O,1,09:15,09:25,3
SM,O,1,09:15,09:25,3
SM,O,1,09:15,09:25,3
SM,O,1,09:15,09:25,3
SM,O,1,09:15,09:25,3
SM,O,1,09:15,09:25,3
SM,O,1,09:43,09:53,2
SM,O,1,09:43,09:53,2
SM,O,1,09:43,09:53,2
SM,O,1,09:43,09:53,2
SM,O,1,09:43,09:53,2
SM,O,1,09:43,09:53,2
SM,C,1,10:28,10:38,2
SM,C,1,10:28,10:38,2
SM,C,1,10:28,10:38,2
SM,C,1,10:28,10:38,2
SM,C,1,10:52,11:02,3
SM,C,1,10:52,11:02,3
SM,C,1,10:52,11:02,3
SM,C,1,10:52,11:02,3
SM,C,1,10:52,11:02,3
SM,C,1,10:52,11:02,3
SM,C,1,11:10,11:20,1
SM,C,1,11:10,11:20,1
SM,C,1,11:10,11:20,1
SM,C,1,11:10,11:20,1
SM,C,1,11:10,11:20,1
SM,C,1,11:10,11:20,1
NG,C,2,07:42,07:52,3
NG,C,2,07:42,07:52,3
NG,C,2,07:42,07:52,3
NG,C,2,07:42,07:52,3
NG,C,2,07:42,07:52,3
NG,C,2,07:42,07:52,3
NG,C,2,07:42,07:52,3
NG,C,2,07:59,08:09,2
NG,C,2,08:59,08:09,2
NG,C,2,09:59,08:09,2
NG,C,2,10:59,08:09,2
NG,C,2,11:59,08:09,2
NG,C,2,08:15,08:25,1
NG,C,2,08:15,08:25,1
NG,C,2,08:15,08:25,1
NG,C,2,08:15,08:25,1
NG,C,2,08:15,08:25,1
NG,O,2,08:52,09:02,2
NG,O,2,08:52,09:02,2
NG,O,2,08:52,09:02,2
NG,O,2,08:52,09:02,2
NG,O,2,08:52,09:02,2
NG,O,2,08:52,09:02,2
NG,O,2,08:52,09:02,2
NG,O,2,09:09,09:19,1
NG,O,2,09:09,09:19,1
NG,O,2,09:09,09:19,1
NG,O,2,09:09,09:19,1
NG,O,2,09:27,09:37,3
NG,O,2,09:27,09:37,3
NG,O,2,09:27,09:37,3
NG,O,2,09:27,09:37,3
NG,O,2,09:27,09:37,3
NG,Y,2,09:48,09:58,3
NG,Y,2,09:48,09:58,3
NG,Y,2,09:48,09:58,3
NG,Y,2,09:48,09:58,3
NG,Y,2,10:02,10:12,2
NG,Y,2,10:02,10:12,2
NG,Y,2,10:02,10:12,2
NG,Y,2,10:20,10:30,1
NG,Y,2,10:20,10:30,1
BHW,O,2,07:52,08:02,3
BHW,O,2,07:52,08:02,3
BHW,O,2,07:52,08:02,3
BHW,O,2,07:52,08:02,3
BHW,O,2,07:52,08:02,3
BHW,O,2,07:52,08:02,3
BHW,O,2,07:52,08:02,3
BHW,O,2,08:11,08:21,2
BHW,O,2,08:11,08:21,2
BHW,O,2,08:11,08:21,2
BHW,O,2,08:11,08:21,2
BHW,O,2,08:11,08:21,2
BHW,O,2,08:11,08:21,2
BHW,O,2,08:11,08:21,2
BHW,O,2,08:33,08:43,1
BHW,O,2,08:33,08:43,1
BHW,O,2,08:33,08:43,1
BHW,O,2,08:33,08:43,1
BHW,O,2,08:33,08:43,1
BHW,O,2,08:33,08:43,1
BHW,O,2,08:33,08:43,1
BHW,O,2,08:33,08:43,1
BHW,Y,2,09:04,09:14,2
BHW,Y,2,09:04,09:14,2
BHW,Y,2,09:04,09:14,2
BHW,Y,2,09:04,09:14,2
BHW,Y,2,09:04,09:14,2
BHW,Y,2,09:04,09:14,2
BHW,Y,2,09:04,09:14,2
BHW,Y,2,09:20,09:30,3
BHW,Y,2,09:20,09:30,3
BHW,Y,2,09:20,09:30,3
BHW,Y,2,09:20,09:30,3
BHW,Y,2,09:20,09:30,3
BHW,Y,2,09:38,09:48,1
BHW,Y,2,09:38,09:48,1
BHW,Y,2,09:38,09:48,1
BHW,Y,2,09:38,09:48,1
BHW,Y,2,09:38,09:48,1
BHW,C,2,10:13,10:23,1
BHW,C,2,10:13,10:23,1
BHW,C,2,10:13,10:23,1
BHW,C,2,10:26,10:36,2
BHW,C,2,10:26,10:36,2
BHW,C,2,10:26,10:36,2
BHW,C,2,10:26,10:36,2
BHW,C,2,10:26,10:36,2
BHW,C,2,10:26,10:36,2
BHW,C,2,10:38,10:48,3
BHW,C,2,10:38,10:48,3
BHW,C,2,10:38,10:48,3
MLS,Y,2,07:27,07:37,2
MLS,Y,2,07:27,07:37,2
MLS,Y,2,07:27,07:37,2
MLS,Y,2,07:27,07:37,2
MLS,Y,2,07:27,07:37,2
MLS,Y,2,07:27,07:37,2
MLS,Y,2,07:27,07:37,2
MLS,Y,2,07:27,07:37,2
MLS,Y,2,07:43,07:53,3
MLS,Y,2,07:43,07:53,3
MLS,Y,2,07:43,07:53,3
MLS,Y,2,07:43,07:53,3
MLS,Y,2,07:59,08:09,1
MLS,Y,2,07:59,08:09,1
MLS,Y,2,07:59,08:09,1
MLS,Y,2,07:59,08:09,1
MLS,Y,2,07:59,08:09,1
MLS,Y,2,07:59,08:09,1
MLS,O,2,09:07,09:17,1
MLS,O,2,09:07,09:17,1
MLS,O,2,09:07,09:17,1
MLS,O,2,09:07,09:17,1
MLS,O,2,09:07,09:17,1
MLS,O,2,10:17,10:27,2
MLS,O,2,10:17,10:27,2
MLS,O,2,10:17,10:27,2
MLS,O,2,10:17,10:27,2
MLS,O,2,10:17,10:27,2
MLS,O,2,10:35,10:45,3
MLS,O,2,10:35,10:45,3
MLS,O,2,10:35,10:45,3
MLS,O,2,10:35,10:45,3
MLS,O,2,10:35,10:45,3
MLS,O,2,10:35,10:45,3
MLS,O,2,10:35,10:45,3
MLS,O,2,10:35,10:45,3
MLS,O,2,10:35,10:45,3
MLS,C,2,11:16,11:26,2
MLS,C,2,11:16,11:26,2
MLS,C,2,11:16,11:26,2
MLS,C,2,11:16,11:26,2
MLS,C,2,11:33,11:43,1
MLS,C,2,11:33,11:43,1
MLS,C,2,11:33,11:43,1
MLS,C,2,11:33,11:43,1
MLS,C,2,11:33,11:43,1
MLS,C,2,11:33,11:43,1
MLS,C,2,11:33,11:43,1
MLS,C,2,11:33,11:43,1
MLS,C,2,11:33,11:43,1
MLS,C,2,11:46,11:56,3
MLS,C,2,11:46,11:56,3
MLS,C,2,11:46,11:56,3
MLS,C,2,11:46,11:56,3
MLS,C,2,11:46,11:56,3
MLS,C,2,11:46,11:56,3
MLS,C,2,11:46,11:56,3
MLS,C,2,11:46,11:56,3
MLS,C,2,11:46,11:56,3
SM,C,2,08:29,08:39,2
SM,C,2,08:29,08:39,2
SM,C,2,08:29,08:39,2
SM,C,2,08:29,08:39,2
SM,C,2,08:29,08:39,2
SM,C,2,08:29,08:39,2
SM,C,2,08:54,09:04,3
SM,C,2,08:54,09:04,3
SM,C,2,08:54,09:04,3
SM,C,2,08:54,09:04,3
SM,C,2,08:54,09:04,3
SM,C,2,08:54,09:04,3
SM,C,2,09:09,09:19,1
SM,C,2,09:09,09:19,1
SM,C,2,09:09,09:19,1
SM,C,2,09:09,09:19,1
SM,C,2,09:09,09:19,1
SM,C,2,09:09,09:19,1
SM,O,2,09:40,09:50,2
SM,O,2,09:40,09:50,2
SM,O,2,09:40,09:50,2
SM,O,2,09:40,09:50,2
SM,O,2,09:40,09:50,2
SM,O,2,09:40,09:50,2
SM,O,2,10:04,10:14,1
SM,O,2,10:04,10:14,1
SM,O,2,10:04,10:14,1
SM,O,2,10:04,10:14,1
SM,O,2,10:04,10:14,1
SM,O,2,10:04,10:14,1
SM,O,2,10:04,10:14,1
SM,O,2,10:04,10:14,1
SM,O,2,10:21,10:31,3
SM,O,2,10:21,10:31,3
SM,O,2,10:21,10:31,3
SM,O,2,10:21,10:31,3
SM,O,2,10:21,10:31,3
SM,O,2,10:21,10:31,3
SM,O,2,10:21,10:31,3
SM,Y,2,10:44,10:54,2
SM,Y,2,10:44,10:54,2
SM,Y,2,10:44,10:54,2
SM,Y,2,11:04,11:14,1
SM,Y,2,11:04,11:14,1
SM,Y,2,11:04,11:14,1
SM,Y,2,11:04,11:14,1
SM,Y,2,11:04,11:14,1
SM,Y,2,11:04,11:14,1
SM,Y,2,11:20,11:30,3
SM,Y,2,11:20,11:30,3
SM,Y,2,11:20,11:30,3
SM,Y,2,11:20,11:30,3
SM,Y,2,11:20,11:30,3
SM,Y,2,11:20,11:30,3
SM,Y,2,11:20,11:30,3
SM,Y,2,11:20,11:30,3
BHE,Y,2,07:30,07:40,3
BHE,Y,2,07:30,07:40,3
BHE,Y,2,07:30,07:40,3
BHE,Y,2,07:30,07:40,3
BHE,Y,2,07:30,07:40,3
BHE,Y,2,07:30,07:40,3
BHE,Y,2,07:30,07:40,3
BHE,Y,2,07:30,07:40,3
BHE,Y,2,07:30,07:40,3
BHE,Y,2,07:30,07:40,3
BHE,Y,2,07:46,07:56,2
BHE,Y,2,07:46,07:56,2
BHE,Y,2,07:46,07:56,2
BHE,Y,2,07:46,07:56,2
BHE,Y,2,07:46,07:56,2
BHE,Y,2,07:46,07:56,2
BHE,Y,2,07:46,07:56,2
BHE,Y,2,07:46,07:56,2
BHE,Y,2,07:46,07:56,2
BHE,Y,2,07:46,07:56,2
BHE,Y,2,08:03,08:13,1
BHE,Y,2,08:03,08:13,1
BHE,Y,2,08:03,08:13,1
BHE,Y,2,08:03,08:13,1
BHE,Y,2,08:03,08:13,1
BHE,Y,2,08:03,08:13,1
BHE,Y,2,08:03,08:13,1
BHE,C,2,09:00,09:10,3
BHE,C,2,09:00,09:10,3
BHE,C,2,09:00,09:10,3
BHE,C,2,09:00,09:10,3
BHE,C,2,09:00,09:10,3
BHE,C,2,09:00,09:10,3
BHE,C,2,09:00,09:10,3
BHE,C,2,09:00,09:10,3
BHE,C,2,09:16,09:26,2
BHE,C,2,09:16,09:26,2
BHE,C,2,09:16,09:26,2
BHE,C,2,09:16,09:26,2
BHE,C,2,09:16,09:26,2
BHE,C,2,09:16,09:26,2
BHE,C,2,09:16,09:26,2
BHE,C,2,09:16,09:26,2
BHE,C,2,09:35,09:45,1
BHE,C,2,09:35,09:45,1
BHE,C,2,09:35,09:45,1
BHE,C,2,09:35,09:45,1
BHE,O,2,10:20,10:30,1
BHE,O,2,10:20,10:30,1
BHE,O,2,10:20,10:30,1
BHE,O,2,10:20,10:30,1
BHE,O,2,10:20,10:30,1
BHE,O,2,10:40,10:50,3
BHE,O,2,10:40,10:50,3
BHE,O,2,10:40,10:50,3
BHE,O,2,10:40,10:50,3
BHE,O,2,10:40,10:50,3
BHE,O,2,10:40,10:50,3
BHE,O,2,10:40,10:50,3
BHE,O,2,10:40,10:50,3
BHE,O,2,10:40,10:50,3
BHE,O,2,10:58,11:08,2
BHE,O,2,10:58,11:08,2
BHE,O,2,10:58,11:08,2
BHE,O,2,10:58,11:08,2
BHE,O,2,10:58,11:08,2
BHE,O,2,10:58,11:08,2
BHE,O,2,10:58,11:08,2
BHE,O,2,10:58,11:08,2
MLN,Y,2,08:17,08:27,2
MLN,Y,2,08:17,08:27,2
MLN,Y,2,08:17,08:27,2
MLN,Y,2,08:17,08:27,2
MLN,Y,2,08:17,08:27,2
MLN,Y,2,08:17,08:27,2
MLN,Y,2,08:17,08:27,2
MLN,Y,2,08:17,08:27,2
MLN,Y,2,08:17,08:27,2
MLN,Y,2,08:42,08:52,3
MLN,Y,2,08:42,08:52,3
MLN,Y,2,08:42,08:52,3
MLN,Y,2,08:42,08:52,3
MLN,Y,2,08:42,08:52,3
MLN,Y,2,08:42,08:52,3
MLN,Y,2,08:42,08:52,3
MLN,Y,2,09:03,09:13,1
MLN,Y,2,09:03,09:13,1
MLN,Y,2,09:03,09:13,1
MLN,Y,2,09:03,09:13,1
MLN,Y,2,09:03,09:13,1
MLN,Y,2,09:03,09:13,1
MLN,Y,2,09:03,09:13,1
MLN,Y,2,09:03,09:13,1
MLN,O,2,10:02,10:12,1
MLN,O,2,10:02,10:12,1
MLN,O,2,10:02,10:12,1
MLN,O,2,10:02,10:12,1
MLN,O,2,10:02,10:12,1
MLN,O,2,10:17,10:27,3
MLN,O,2,10:17,10:27,3
MLN,O,2,10:17,10:27,3
MLN,O,2,10:17,10:27,3
MLN,O,2,10:42,10:52,2
MLN,O,2,10:42,10:52,2
MLN,O,2,10:42,10:52,2
MLN,O,2,10:42,10:52,2
MLN,C,2,11:17,11:18,2
MLN,C,2,11:17,11:18,2
MLN,C,2,11:17,11:18,2
MLN,C,2,11:17,11:18,2
MLN,C,2,11:17,11:18,2
MLN,C,2,11:33,11:43,1
MLN,C,2,11:33,11:43,1
MLN,C,2,11:33,11:43,1
MLN,C,2,11:33,11:43,1
MLN,C,2,11:49,11:59,3
MLN,C,2,11:49,11:59,3
MLN,C,2,11:49,11:59,3
MLN,C,2,11:49,11:59,3
MLN,C,2,11:49,11:59,3
MLN,C,2,11:49,11:59,3
SBN,O,2,07:40,07:50,3
SBN,O,2,07:40,07:50,3
SBN,O,2,07:40,07:50,3
SBN,O,2,07:40,07:50,3
SBN,O,2,07:40,07:50,3
SBN,O,2,07:40,07:50,3
SBN,O,2,07:40,07:50,3
SBN,O,2,07:40,07:50,3
SBN,O,2,07:57,08:07,2
SBN,O,2,07:57,08:07,2
SBN,O,2,07:57,08:07,2
SBN,O,2,07:57,08:07,2
SBN,O,2,07:57,08:07,2
SBN,O,2,07:57,08:07,2
SBN,O,2,07:57,08:07,2
SBN,O,2,08:15,08:25,1
SBN,O,2,08:15,08:25,1
SBN,O,2,08:15,08:25,1
SBN,O,2,08:15,08:25,1
SBN,Y,2,08:57,09:07,3
SBN,Y,2,08:57,09:07,3
SBN,Y,2,08:57,09:07,3
SBN,Y,2,08:57,09:07,3
SBN,Y,2,08:57,09:07,3
SBN,Y,2,09:16,09:26,1
SBN,Y,2,09:16,09:26,1
SBN,Y,2,09:16,09:26,1
SBN,Y,2,09:16,09:26,1
SBN,Y,2,09:34,09:44,2
SBN,Y,2,09:34,09:44,2
SBN,Y,2,09:34,09:44,2
SBN,Y,2,09:34,09:44,2
SBN,Y,2,09:34,09:44,2
SBN,Y,2,09:34,09:44,2
SBN,C,2,10:24,10:34,1
SBN,C,2,10:24,10:34,1
SBN,C,2,10:24,10:34,1
SBN,C,2,10:24,10:34,1
SBN,C,2,10:24,10:34,1
SBN,C,2,10:39,10:49,2
SBN,C,2,10:39,10:49,2
SBN,C,2,10:39,10:49,2
SBN,C,2,10:39,10:49,2
SBN,C,2,10:53,11:03,3
SBN,C,2,10:53,11:03,3
SBN,C,2,10:53,11:03,3
SBN,C,2,10:53,11:03,3
SBN,C,2,10:53,11:03,3
SBN,C,2,10:53,11:03,3
SBS,O,2,07:20,07:30,1
SBS,O,2,07:20,07:30,1
SBS,O,2,07:20,07:30,1
SBS,O,2,07:20,07:30,1
SBS,O,2,07:20,07:30,1
SBS,O,2,07:20,07:30,1
SBS,O,2,07:20,07:30,1
SBS,O,2,07:20,07:30,1
SBS,O,2,07:43,07:53,3
SBS,O,2,07:43,07:53,3
SBS,O,2,07:43,07:53,3
SBS,O,2,07:43,07:53,3
SBS,O,2,07:43,07:53,3
SBS,O,2,07:43,07:53,3
SBS,O,2,07:43,07:53,3
SBS,O,2,08:03,08:13,2
SBS,O,2,08:03,08:13,2
SBS,O,2,08:03,08:13,2
SBS,O,2,08:03,08:13,2
SBS,C,2,09:01,09:11,3
SBS,C,2,09:01,09:11,3
SBS,C,2,09:01,09:11,3
SBS,C,2,09:01,09:11,3
SBS,C,2,09:19,09:29,1
SBS,C,2,09:19,09:29,1
SBS,C,2,09:19,09:29,1
SBS,C,2,09:19,09:29,1
SBS,C,2,09:19,09:29,1
SBS,C,2,09:39,09:49,2
SBS,C,2,09:39,09:49,2
SBS,C,2,09:39,09:49,2
SBS,Y,2,10:23,10:33,3
SBS,Y,2,10:23,10:33,3
SBS,Y,2,10:23,10:33,3
SBS,Y,2,10:41,10:51,1
SBS,Y,2,10:41,10:51,1
SBS,Y,2,10:41,10:51,1
SBS,Y,2,10:41,10:51,1
SBS,Y,2,10:41,10:51,1
SBS,Y,2,11:00,11:10,2
SBS,Y,2,11:00,11:10,2
SBS,Y,2,11:00,11:10,2
SBS,Y,2,11:00,11:10,2
