Location,Treatment,Surveyor
MLS,C,MOC
MLS,C,MOC
MLS,C,MOC
MLS,C,MOC
MLS,C,MOC
MLS,C,MOC
MLS,C,MOC
MLS,C,MOC
MLS,C,MOC
MLS,C,MOC
MLS,C,MOC
MLS,C,MOC
MLS,C,MOC
MLS,C,MOC
MLS,C,MOC
MLS,C,MOC
MLS,Y,TK
MLS,Y,TK
MLS,Y,TK
MLS,Y,TK
MLS,Y,TK
MLS,Y,TK
MLS,Y,TK
MLS,Y,TK
MLS,Y,TK
MLS,Y,TK
MLS,Y,TK
MLS,Y,TK
MLS,Y,TK
MLS,Y,TK
MLS,Y,TK
MLS,Y,TK
MLS,O,AMcC
MLS,O,AMcC
MLS,O,AMcC
MLS,O,AMcC
MLS,O,AMcC
MLS,O,AMcC
MLS,O,AMcC
MLS,O,AMcC
MLS,O,AMcC
MLS,O,AMcC
MLS,O,AMcC
MLS,O,AMcC
MLS,O,AMcC
MLS,O,AMcC
MLS,O,AMcC
MLS,O,AMcC
NG,Y,MOC
NG,Y,MOC
NG,Y,MOC
NG,Y,MOC
NG,Y,MOC
NG,Y,MOC
NG,Y,MOC
NG,Y,MOC
NG,Y,MOC
NG,Y,MOC
NG,Y,MOC
NG,Y,MOC
NG,Y,MOC
NG,Y,MOC
NG,Y,MOC
NG,Y,MOC
NG,O,TK
NG,O,TK
NG,O,TK
NG,O,TK
NG,O,TK
NG,O,TK
NG,O,TK
NG,O,TK
NG,O,TK
NG,O,TK
NG,O,TK
NG,O,TK
NG,O,TK
NG,O,TK
NG,O,TK
NG,O,TK
NG,C,AMcC
NG,C,AMcC
NG,C,AMcC
NG,C,AMcC
NG,C,AMcC
NG,C,AMcC
NG,C,AMcC
NG,C,AMcC
NG,C,AMcC
NG,C,AMcC
NG,C,AMcC
NG,C,AMcC
NG,C,AMcC
NG,C,AMcC
NG,C,AMcC
NG,C,AMcC
SBS,O,MOC
SBS,O,MOC
SBS,O,MOC
SBS,O,MOC
SBS,O,MOC
SBS,O,MOC
SBS,O,MOC
SBS,O,MOC
SBS,O,MOC
SBS,O,MOC
SBS,O,MOC
SBS,O,MOC
SBS,O,MOC
SBS,O,MOC
SBS,O,MOC
SBS,O,MOC
SBS,Y,AMcC
SBS,Y,AMcC
SBS,Y,AMcC
SBS,Y,AMcC
SBS,Y,AMcC
SBS,Y,AMcC
SBS,Y,AMcC
SBS,Y,AMcC
SBS,Y,AMcC
SBS,Y,AMcC
SBS,Y,AMcC
SBS,Y,AMcC
SBS,Y,AMcC
SBS,Y,AMcC
SBS,Y,AMcC
SBS,Y,AMcC
SBS,Y,AMcC
SBS,Y,AMcC
SBS,Y,AMcC
SBS,Y,AMcC
SBS,Y,AMcC
SBS,Y,AMcC
SBS,Y,AMcC
SBS,Y,AMcC
SBS,C,AMcC
SBS,C,AMcC
SBS,C,AMcC
SBS,C,AMcC
SBS,C,AMcC
SBS,C,AMcC
SBS,C,AMcC
SBS,C,AMcC
SBS,C,AMcC
SBS,C,AMcC
SBS,C,AMcC
SBS,C,AMcC
SBS,C,AMcC
SBS,C,AMcC
SBS,C,AMcC
SBS,C,AMcC
SBN,O,AMcC
SBN,O,AMcC
SBN,O,AMcC
SBN,O,AMcC
SBN,O,AMcC
SBN,O,AMcC
SBN,O,AMcC
SBN,O,AMcC
SBN,O,AMcC
SBN,O,AMcC
SBN,O,AMcC
SBN,O,AMcC
SBN,O,AMcC
SBN,O,AMcC
SBN,O,AMcC
SBN,O,AMcC
SBN,O,AMcC
SBN,O,AMcC
SBN,O,AMcC
SBN,O,AMcC
SBN,O,AMcC
SBN,O,AMcC
SBN,O,AMcC
SBN,O,AMcC
SBN,O,AMcC
SBN,O,AMcC
SBN,O,AMcC
SBN,O,AMcC
SBN,O,AMcC
SBN,O,AMcC
SBN,O,AMcC
SBN,O,AMcC
SBN,O,AMcC
SBN,O,AMcC
SBN,O,AMcC
SBN,O,AMcC
SBN,O,AMcC
SBN,O,AMcC
SBN,O,AMcC
SBN,O,AMcC
SBN,O,AMcC
SBN,O,AMcC
SBN,O,AMcC
SBN,O,AMcC
SBN,O,AMcC
SBN,O,AMcC
SBN,O,AMcC
SBN,O,AMcC
SBN,Y,MOC
SBN,Y,MOC
SBN,Y,MOC
SBN,Y,MOC
SBN,Y,MOC
SBN,Y,MOC
SBN,Y,MOC
SBN,Y,MOC
SBN,Y,MOC
SBN,Y,MOC
SBN,Y,MOC
SBN,Y,MOC
SBN,Y,MOC
SBN,Y,MOC
SBN,Y,MOC
SBN,Y,MOC
SBN,Y,MOC
SBN,Y,MOC
SBN,Y,MOC
SBN,Y,MOC
SBN,Y,MOC
SBN,Y,MOC
SBN,Y,MOC
SBN,Y,MOC
SBN,Y,MOC
SBN,Y,MOC
SBN,Y,MOC
SBN,Y,MOC
SBN,Y,MOC
SBN,Y,MOC
SBN,Y,MOC
SBN,Y,MOC
SBN,Y,MOC
SBN,Y,MOC
SBN,Y,MOC
SBN,Y,MOC
SBN,Y,MOC
SBN,Y,MOC
SBN,Y,MOC
SBN,Y,MOC
SBN,Y,MOC
SBN,Y,MOC
SBN,Y,MOC
SBN,Y,MOC
SBN,Y,MOC
SBN,Y,MOC
SBN,Y,MOC
SBN,Y,MOC
SBN,C,JK
SBN,C,JK
SBN,C,JK
SBN,C,JK
SBN,C,JK
SBN,C,JK
SBN,C,JK
SBN,C,JK
SBN,C,JK
SBN,C,JK
SBN,C,JK
SBN,C,JK
SBN,C,JK
SBN,C,JK
SBN,C,JK
SBN,C,JK
SBN,C,JK
SBN,C,JK
SBN,C,JK
SBN,C,JK
SBN,C,JK
SBN,C,JK
SBN,C,JK
SBN,C,JK
SBN,C,JK
SBN,C,JK
SBN,C,JK
SBN,C,JK
SBN,C,JK
SBN,C,JK
SBN,C,JK
SBN,C,JK
SBN,C,JK
SBN,C,JK
SBN,C,JK
SBN,C,JK
SBN,C,JK
SBN,C,JK
SBN,C,JK
SBN,C,JK
SBN,C,JK
SBN,C,JK
SBN,C,JK
SBN,C,JK
SBN,C,JK
SBN,C,JK
SBN,C,JK
SBN,C,JK
SM,Y,MOC
SM,Y,MOC
SM,Y,MOC
SM,Y,MOC
SM,Y,MOC
SM,Y,MOC
SM,Y,MOC
SM,Y,MOC
SM,Y,MOC
SM,Y,MOC
SM,Y,MOC
SM,Y,MOC
SM,Y,MOC
SM,Y,MOC
SM,Y,MOC
SM,Y,MOC
SM,C,IS
SM,C,IS
SM,C,IS
SM,C,IS
SM,C,IS
SM,C,IS
SM,C,IS
SM,C,IS
SM,C,IS
SM,C,IS
SM,C,IS
SM,C,IS
SM,C,IS
SM,C,IS
SM,C,IS
SM,C,IS
SM,O,AMcC
SM,O,AMcC
SM,O,AMcC
SM,O,AMcC
SM,O,AMcC
SM,O,AMcC
SM,O,AMcC
SM,O,AMcC
SM,O,AMcC
SM,O,AMcC
SM,O,AMcC
SM,O,AMcC
SM,O,AMcC
SM,O,AMcC
SM,O,AMcC
SM,O,AMcC
SM,O,AMcC
SM,O,AMcC
SM,O,AMcC
SM,O,AMcC
SM,O,AMcC
SM,O,AMcC
SM,O,AMcC
SM,O,AMcC
BHE,Y,AMcC
BHE,Y,AMcC
BHE,Y,AMcC
BHE,Y,AMcC
BHE,Y,AMcC
BHE,Y,AMcC
BHE,Y,AMcC
BHE,Y,AMcC
BHE,Y,AMcC
BHE,Y,AMcC
BHE,Y,AMcC
BHE,Y,AMcC
BHE,Y,AMcC
BHE,Y,AMcC
BHE,Y,AMcC
BHE,Y,AMcC
BHE,O,MOC
BHE,O,MOC
BHE,O,MOC
BHE,O,MOC
BHE,O,MOC
BHE,O,MOC
BHE,O,MOC
BHE,O,MOC
BHE,O,MOC
BHE,O,MOC
BHE,O,MOC
BHE,O,MOC
BHE,O,MOC
BHE,O,MOC
BHE,O,MOC
BHE,O,MOC
BHE,C,IS
BHE,C,IS
BHE,C,IS
BHE,C,IS
BHE,C,IS
BHE,C,IS
BHE,C,IS
BHE,C,IS
BHE,C,IS
BHE,C,IS
BHE,C,IS
BHE,C,IS
BHE,C,IS
BHE,C,IS
BHE,C,IS
BHE,C,IS
MLN,C,AMcC
MLN,C,AMcC
MLN,C,AMcC
MLN,C,AMcC
MLN,C,AMcC
MLN,C,AMcC
MLN,C,AMcC
MLN,C,AMcC
MLN,C,AMcC
MLN,C,AMcC
MLN,C,AMcC
MLN,C,AMcC
MLN,C,AMcC
MLN,C,AMcC
MLN,C,AMcC
MLN,C,AMcC
MLN,Y,MOC
MLN,Y,MOC
MLN,Y,MOC
MLN,Y,MOC
MLN,Y,MOC
MLN,Y,MOC
MLN,Y,MOC
MLN,Y,MOC
MLN,Y,MOC
MLN,Y,MOC
MLN,Y,MOC
MLN,Y,MOC
MLN,Y,MOC
MLN,Y,MOC
MLN,Y,MOC
MLN,Y,MOC
MLN,O,IS
MLN,O,IS
MLN,O,IS
MLN,O,IS
MLN,O,IS
MLN,O,IS
MLN,O,IS
MLN,O,IS
MLN,O,IS
MLN,O,IS
MLN,O,IS
MLN,O,IS
MLN,O,IS
MLN,O,IS
MLN,O,IS
MLN,O,IS
BHW,C,JK
BHW,C,JK
BHW,C,JK
BHW,C,JK
BHW,C,JK
BHW,C,JK
BHW,C,JK
BHW,C,JK
BHW,C,JK
BHW,C,JK
BHW,C,JK
BHW,C,JK
BHW,C,JK
BHW,C,JK
BHW,C,JK
BHW,C,JK
BHW,Y,MOC
BHW,Y,MOC
BHW,Y,MOC
BHW,Y,MOC
BHW,Y,MOC
BHW,Y,MOC
BHW,Y,MOC
BHW,Y,MOC
BHW,Y,MOC
BHW,Y,MOC
BHW,Y,MOC
BHW,Y,MOC
BHW,Y,MOC
BHW,Y,MOC
BHW,Y,MOC
BHW,Y,MOC
BHW,O,AMcC
BHW,O,AMcC
BHW,O,AMcC
BHW,O,AMcC
BHW,O,AMcC
BHW,O,AMcC
BHW,O,AMcC
BHW,O,AMcC
BHW,O,AMcC
BHW,O,AMcC
BHW,O,AMcC
BHW,O,AMcC
BHW,O,AMcC
BHW,O,AMcC
BHW,O,AMcC
BHW,O,AMcC
